{
    "Motherboard": {
        "Name": "ACIDANTHERA MAC-7BA5B2D9E42DDD94",
        "Chipset": "B660",
        "Platform": "Desktop"
    },
    "CPU": {
        "Manufacturer": "Intel",
        "Processor Name": "12th Gen Intel(R) Core(TM) i5-12400F",
        "Codename": "Alder Lake-S",
        "Core Count": "06",
        "CPU Count": "01",
        "SIMD Features": "SSE, SSE2, SSE3, SSSE3, SSE4.1, SSE4.2, AVX, AVX2"
    },
    "GPU": {
        "AMD Radeon RX 6600 XT": {
            "Manufacturer": "AMD",
            "Codename": "Navi 23",
            "Device ID": "1002-73FF",
            "Device Type": "Discrete GPU",
            "Subsystem ID": "448E1DA2",
            "PCI Path": "PciRoot(0x0)/Pci(0x1,0x0)/Pci(0x0,0x0)/Pci(0x0,0x0)/Pci(0x0,0x0)",
            "Resizable BAR": "Enabled"
        }
    },
    "Monitor": {
        "P27QBA-RX": {
            "Connector Type": "DP",
            "Resolution": "2560x1440",
            "Connected GPU": "AMD Radeon RX 6600 XT"
        }
    },
    "Network": {
        "Intel(R) Wi-Fi 6E AX210 160MHz": {
            "Bus Type": "PCI",
            "Device ID": "8086-2725",
            "Subsystem ID": "00248086",
            "PCI Path": "PciRoot(0x0)/Pci(0x1d,0x0)/Pci(0x0,0x0)",
            "ACPI Path": "\\_SB.USBX.RP16.PXSX"
        },
        "Realtek Gaming 2.5GbE Family Controller #2": {
            "Bus Type": "PCI",
            "Device ID": "10EC-8125",
            "Subsystem ID": "81251849",
            "PCI Path": "PciRoot(0x0)/Pci(0x1c,0x0)/Pci(0x0,0x0)",
            "ACPI Path": "\\_SB.USBX.RP07.PXSX"
        }
    },
    "Sound": {
        "\u0423\u0441\u0442\u0440\u043e\u0439\u0441\u0442\u0432\u043e \u0441 \u043f\u043e\u0434\u0434\u0435\u0440\u0436\u043a\u043e\u0439 High Definition Audio": {
            "Bus Type": "HDAUDIO",
            "Device ID": "1002-AA01",
            "Subsystem ID": "00AA0100",
            "Audio Endpoints": [
                "Digital Audio"
            ],
            "Controller Device ID": "1002-AB28"
        },
        "FIFINE Microphone": {
            "Bus Type": "USB",
            "Device ID": "3142-7301",
            "Audio Endpoints": [
                "Microphone"
            ]
        },
        "Realtek(R) Audio": {
            "Bus Type": "HDAUDIO",
            "Device ID": "10EC-0897",
            "Subsystem ID": "18491897",
            "Audio Endpoints": [
                "\u0414\u0438\u043d\u0430\u043c\u0438\u043a\u0438"
            ],
            "Controller Device ID": "8086-7AD0"
        }
    },
    "USB Controllers": {
        "\u0420\u0430\u0441\u0448\u0438\u0440\u044f\u0435\u043c\u044b\u0439 \u0445\u043e\u0441\u0442-\u043a\u043e\u043d\u0442\u0440\u043e\u043b\u043b\u0435\u0440 Intel(R) USB 3.20 \u2014 1.20 (\u041c\u0430\u0439\u043a\u0440\u043e\u0441\u043e\u0444\u0442)": {
            "Bus Type": "PCI",
            "Device ID": "8086-7AE0",
            "Subsystem ID": "7AE01849",
            "PCI Path": "PciRoot(0x0)/Pci(0x14,0x0)",
            "ACPI Path": "\\_SB.USBX.XHCI"
        }
    },
    "Input": {
        "USB-\u0443\u0441\u0442\u0440\u043e\u0439\u0441\u0442\u0432\u043e \u0432\u0432\u043e\u0434\u0430": {
            "Bus Type": "USB",
            "Device ID": "04D9-FC5F"
        },
        "USB-\u0443\u0441\u0442\u0440\u043e\u0439\u0441\u0442\u0432\u043e \u0432\u0432\u043e\u0434\u0430_#1": {
            "Bus Type": "USB",
            "Device ID": "09DA-6406"
        },
        "USB-\u0443\u0441\u0442\u0440\u043e\u0439\u0441\u0442\u0432\u043e \u0432\u0432\u043e\u0434\u0430_#2": {
            "Bus Type": "USB",
            "Device ID": "3142-7301"
        }
    },
    "Storage Controllers": {
        "Alder Lake-S PCH SATA Controller [AHCI Mode]": {
            "Bus Type": "PCI",
            "Device ID": "8086-7AE2",
            "Subsystem ID": "7AE21849",
            "PCI Path": "PciRoot(0x0)/Pci(0x17,0x0)",
            "ACPI Path": "\\_SB.USBX.SAT0"
        },
        "P5 Plus NVMe PCIe SSD": {
            "Bus Type": "PCI",
            "Device ID": "C0A9-5407",
            "Subsystem ID": "0100C0A9",
            "PCI Path": "PciRoot(0x0)/Pci(0x6,0x0)/Pci(0x0,0x0)",
            "ACPI Path": "\\_SB.USBX.PEG0.PEGP"
        },
        "Patriot P300 NVMe SSD (DRAM-less)": {
            "Bus Type": "PCI",
            "Device ID": "1ED0-2283",
            "Subsystem ID": "22831ED0",
            "PCI Path": "PciRoot(0x0)/Pci(0x1a,0x0)/Pci(0x0,0x0)",
            "ACPI Path": "\\_SB.USBX.RP25.PXSX"
        }
    },
    "Bluetooth": {
        "Intel(R) Wireless Bluetooth(R)": {
            "Bus Type": "USB",
            "Device ID": "8087-0032"
        }
    },
    "System Devices": {
        "\u0420\u0435\u0441\u0443\u0440\u0441\u044b \u0441\u0438\u0441\u0442\u0435\u043c\u043d\u043e\u0439 \u043f\u043b\u0430\u0442\u044b": {
            "Bus Type": "ACPI",
            "Device": "PNP0C02",
            "ACPI Path": "\\_SB.USBX.LPCB.SIO1"
        },
        "\u0420\u0435\u0441\u0443\u0440\u0441\u044b \u0441\u0438\u0441\u0442\u0435\u043c\u043d\u043e\u0439 \u043f\u043b\u0430\u0442\u044b_#1": {
            "Bus Type": "ACPI",
            "Device": "PNP0C02",
            "ACPI Path": "\\_SB.USBX.PDRC"
        },
        "\u0420\u0435\u0441\u0443\u0440\u0441\u044b \u0441\u0438\u0441\u0442\u0435\u043c\u043d\u043e\u0439 \u043f\u043b\u0430\u0442\u044b_#2": {
            "Bus Type": "ACPI",
            "Device": "PNP0C02",
            "ACPI Path": "\\_SB.USBX.LPCB.LDRC"
        },
        "\u0420\u0435\u0441\u0443\u0440\u0441\u044b \u0441\u0438\u0441\u0442\u0435\u043c\u043d\u043e\u0439 \u043f\u043b\u0430\u0442\u044b_#3": {
            "Bus Type": "ACPI",
            "Device": "PNP0C02",
            "ACPI Path": "\\_SB.URSC"
        },
        "\u0410\u0433\u0440\u0435\u0433\u0430\u0442\u043e\u0440 \u043f\u0440\u043e\u0446\u0435\u0441\u0441\u043e\u0440\u0430 ACPI": {
            "Bus Type": "ACPI",
            "Device": "ACPI000C",
            "ACPI Path": "\\_SB.PAGD"
        },
        "Intel(R) PCI Express Root Port #16 - 7AB7": {
            "Bus Type": "PCI",
            "Device ID": "8086-7AB7",
            "Subsystem ID": "7AB71849",
            "PCI Path": "PciRoot(0x0)/Pci(0x1d,0x0)",
            "ACPI Path": "\\_SB.USBX.RP16"
        },
        "\u0414\u0438\u0441\u043f\u0435\u0442\u0447\u0435\u0440 \u0442\u043e\u043c\u043e\u0432": {
            "Bus Type": "ROOT",
            "Device": "VOLMGR"
        },
        "\u0411\u0430\u0437\u043e\u0432\u044b\u0439 \u0432\u0438\u0434\u0435\u043e\u0434\u0440\u0430\u0439\u0432\u0435\u0440 (\u041c\u0430\u0439\u043a\u0440\u043e\u0441\u043e\u0444\u0442)": {
            "Bus Type": "ROOT",
            "Device": "BASICDISPLAY"
        },
        "\u041a\u043d\u043e\u043f\u043a\u0430 \u0441\u043f\u044f\u0449\u0435\u0433\u043e \u0440\u0435\u0436\u0438\u043c\u0430 ACPI": {
            "Bus Type": "ACPI",
            "Device": "PNP0C0E",
            "ACPI Path": "\\_SB.SLPB"
        },
        "Intel(R) PCI Express Root Port #7 - 7ABE": {
            "Bus Type": "PCI",
            "Device ID": "8086-7ABE",
            "Subsystem ID": "7ABE1849",
            "PCI Path": "PciRoot(0x0)/Pci(0x1c,0x0)",
            "ACPI Path": "\\_SB.USBX.RP07"
        },
        "Intel(R) PEG10 - 460D": {
            "Bus Type": "PCI",
            "Device ID": "8086-460D",
            "Subsystem ID": "460D1849",
            "PCI Path": "PciRoot(0x0)/Pci(0x1,0x0)",
            "ACPI Path": "\\_SB.USBX.PEG1"
        },
        "Intel(R) Shared SRAM - 7AA7": {
            "Bus Type": "PCI",
            "Device ID": "8086-7AA7",
            "Subsystem ID": "00000000",
            "PCI Path": "PciRoot(0x0)/Pci(0x14,0x2)"
        },
        "\u0418\u043d\u0442\u0435\u0440\u0444\u0435\u0439\u0441 \u0443\u043f\u0440\u0430\u0432\u043b\u0435\u043d\u0438\u044f \u0434\u043b\u044f ACPI Microsoft Windows": {
            "Bus Type": "ACPI",
            "Device": "PNP0C14",
            "ACPI Path": "\\_SB.WFDE"
        },
        "\u0414\u0440\u0430\u0439\u0432\u0435\u0440 \u0438\u043d\u0444\u0440\u0430\u0441\u0442\u0440\u0443\u043a\u0442\u0443\u0440\u044b \u0432\u0438\u0440\u0442\u0443\u0430\u043b\u0438\u0437\u0430\u0446\u0438\u0438 Microsoft Hyper-V": {
            "Bus Type": "ROOT",
            "Device": "VID"
        },
        "\u0412\u044b\u0441\u043e\u043a\u043e\u0442\u043e\u0447\u043d\u044b\u0439 \u0442\u0430\u0439\u043c\u0435\u0440 \u0441\u043e\u0431\u044b\u0442\u0438\u0439": {
            "Bus Type": "ACPI",
            "Device": "PNP0103",
            "ACPI Path": "\\_SB.USBX.LPCB.HPET"
        },
        "\u0420\u0435\u0441\u0443\u0440\u0441\u044b \u0441\u0438\u0441\u0442\u0435\u043c\u043d\u043e\u0439 \u043f\u043b\u0430\u0442\u044b_#4": {
            "Bus Type": "ACPI",
            "Device": "PNP0C02",
            "ACPI Path": "\\_SB.ICLK"
        },
        "\u041f\u0435\u0440\u0435\u0447\u0438\u0441\u043b\u0438\u0442\u0435\u043b\u044c \u043a\u043e\u043c\u043f\u043e\u0437\u0438\u0442\u043d\u043e\u0439 \u0448\u0438\u043d\u044b": {
            "Bus Type": "ROOT",
            "Device": "COMPOSITEBUS"
        },
        "\u041f\u0435\u0440\u0435\u0447\u0438\u0441\u043b\u0438\u0442\u0435\u043b\u044c \u0432\u0438\u0440\u0442\u0443\u0430\u043b\u044c\u043d\u044b\u0445 \u0434\u0438\u0441\u043a\u043e\u0432 (\u041c\u0430\u0439\u043a\u0440\u043e\u0441\u043e\u0444\u0442)": {
            "Bus Type": "ROOT",
            "Device": "VDRVROOT"
        },
        "Intel(R) PCI Express Root Port #25 - 7AC8": {
            "Bus Type": "PCI",
            "Device ID": "8086-7AC8",
            "Subsystem ID": "7AC81849",
            "PCI Path": "PciRoot(0x0)/Pci(0x1a,0x0)",
            "ACPI Path": "\\_SB.USBX.RP25"
        },
        "Intel(R) PEG60 - 464D": {
            "Bus Type": "PCI",
            "Device ID": "8086-464D",
            "Subsystem ID": "00000000",
            "PCI Path": "PciRoot(0x0)/Pci(0x6,0x0)",
            "ACPI Path": "\\_SB.USBX.PEG0"
        },
        "Intel(R) SMBus - 7AA3": {
            "Bus Type": "PCI",
            "Device ID": "8086-7AA3",
            "Subsystem ID": "7AA31849",
            "PCI Path": "PciRoot(0x0)/Pci(0x1f,0x4)",
            "ACPI Path": "\\_SB.USBX.SBUS"
        },
        "UMBus \u043f\u0435\u0440\u0435\u0447\u0438\u0441\u043b\u0438\u0442\u0435\u043b\u044c \u043a\u043e\u0440\u043d\u0435\u0432\u043e\u0439 \u0448\u0438\u043d\u044b": {
            "Bus Type": "ROOT",
            "Device": "UMBUS"
        },
        "\u0421\u0438\u0441\u0442\u0435\u043c\u043d\u044b\u0439 \u0442\u0430\u0439\u043c\u0435\u0440": {
            "Bus Type": "ACPI",
            "Device": "PNP0100",
            "ACPI Path": "\\_SB.USBX.LPCB.TIMR"
        },
        "Intel(R) Host Bridge/DRAM Registers - 4650": {
            "Bus Type": "PCI",
            "Device ID": "8086-4650",
            "Subsystem ID": "46501849",
            "PCI Path": "PciRoot(0x0)/Pci(0x0,0x0)",
            "ACPI Path": "\\_SB.USBX.MC__"
        },
        "\u0418\u043d\u0442\u0435\u0440\u0444\u0435\u0439\u0441 \u0443\u043f\u0440\u0430\u0432\u043b\u0435\u043d\u0438\u044f \u0434\u043b\u044f ACPI Microsoft Windows_#1": {
            "Bus Type": "ACPI",
            "Device": "PNP0C14",
            "ACPI Path": "\\_SB.WFTE"
        },
        "PCI Express Root Complex": {
            "Bus Type": "ACPI",
            "Device": "PNP0A08",
            "ACPI Path": "\\_SB.USBX"
        },
        "\u041a\u043d\u043e\u043f\u043a\u0430 \u043f\u0438\u0442\u0430\u043d\u0438\u044f ACPI": {
            "Bus Type": "ACPI",
            "Device": "PNP0C0C",
            "ACPI Path": "\\_SB.PWRB"
        },
        "Microsoft ACPI-\u0441\u043e\u0432\u043c\u0435\u0441\u0442\u0438\u043c\u0430\u044f \u0441\u0438\u0441\u0442\u0435\u043c\u0430": {
            "Bus Type": "ACPI_HAL",
            "Device": "PNP0C08"
        },
        "\u0411\u0430\u0437\u043e\u0432\u044b\u0439 \u0434\u0440\u0430\u0439\u0432\u0435\u0440 \u043e\u0442\u0440\u0438\u0441\u043e\u0432\u043a\u0438 (\u041c\u0430\u0439\u043a\u0440\u043e\u0441\u043e\u0444\u0442)": {
            "Bus Type": "ROOT",
            "Device": "BASICRENDER"
        },
        "Microsoft UEFI-\u0441\u043e\u0432\u043c\u0435\u0441\u0442\u0438\u043c\u0430\u044f \u0441\u0438\u0441\u0442\u0435\u043c\u0430": {
            "Bus Type": "ACPI_HAL",
            "Device": "UEFI"
        },
        "High Definition Audio Bus": {
            "Bus Type": "PCI",
            "Device ID": "1002-AB28",
            "Subsystem ID": "AB281002",
            "PCI Path": "PciRoot(0x0)/Pci(0x1,0x0)/Pci(0x0,0x0)/Pci(0x0,0x0)/Pci(0x0,0x1)"
        },
        "Intel(R) Management Engine Interface #1": {
            "Bus Type": "PCI",
            "Device ID": "8086-7AE8",
            "Subsystem ID": "7AE81849",
            "PCI Path": "PciRoot(0x0)/Pci(0x16,0x0)",
            "ACPI Path": "\\_SB.USBX.HECI"
        },
        "\u0424\u0438\u043a\u0441\u0438\u0440\u043e\u0432\u0430\u043d\u043d\u0430\u044f \u0444\u0443\u043d\u043a\u0446\u0438\u043e\u043d\u0430\u043b\u044c\u043d\u0430\u044f \u043a\u043d\u043e\u043f\u043a\u0430 ACPI": {
            "Bus Type": "ACPI",
            "Device": "FIXEDBUTTON"
        },
        "\u041f\u043e\u0440\u0442 PCI Express Downstream Switch": {
            "Bus Type": "PCI",
            "Device ID": "1002-1479",
            "Subsystem ID": "14791002",
            "PCI Path": "PciRoot(0x0)/Pci(0x1,0x0)/Pci(0x0,0x0)/Pci(0x0,0x0)"
        },
        "ACPI Wake Alarm": {
            "Bus Type": "ACPI",
            "Device": "ACPI000E",
            "ACPI Path": "\\_SB.AWAC"
        },
        "\u041f\u043e\u0434\u043a\u043b\u044e\u0447\u0430\u0435\u043c\u044b\u0439 \u043c\u043e\u0434\u0443\u043b\u044c \u0443\u043f\u0440\u0430\u0432\u043b\u0435\u043d\u0438\u044f \u043f\u0438\u0442\u0430\u043d\u0438\u0435\u043c Intel(R)": {
            "Bus Type": "ACPI",
            "Device": "INT33A1",
            "ACPI Path": "\\_SB.PEPD"
        },
        "\u0420\u0435\u0441\u0443\u0440\u0441\u044b \u0441\u0438\u0441\u0442\u0435\u043c\u043d\u043e\u0439 \u043f\u043b\u0430\u0442\u044b_#5": {
            "Bus Type": "ACPI",
            "Device": "INTC1099",
            "ACPI Path": "\\_SB.USBX.LPCB.CWDT"
        },
        "\u0420\u0435\u0441\u0443\u0440\u0441\u044b \u0441\u0438\u0441\u0442\u0435\u043c\u043d\u043e\u0439 \u043f\u043b\u0430\u0442\u044b_#6": {
            "Bus Type": "ACPI",
            "Device": "PNP0C02",
            "ACPI Path": "\\_SB.IOTR"
        },
        "Intel(R) LPC Controller/eSPI Controller (B660) - 7A86": {
            "Bus Type": "PCI",
            "Device ID": "8086-7A86",
            "Subsystem ID": "7A861849",
            "PCI Path": "PciRoot(0x0)/Pci(0x1f,0x0)",
            "ACPI Path": "\\_SB.USBX.LPCB"
        },
        "AMD Crash Defender": {
            "Bus Type": "ROOT",
            "Device": "AMDLOG"
        },
        "\u041f\u0435\u0440\u0435\u0447\u0438\u0441\u043b\u0438\u0442\u0435\u043b\u044c \u0432\u0438\u0440\u0442\u0443\u0430\u043b\u044c\u043d\u044b\u0445 \u0441\u0435\u0442\u0435\u0432\u044b\u0445 \u0430\u0434\u0430\u043f\u0442\u0435\u0440\u043e\u0432 NDIS": {
            "Bus Type": "ROOT",
            "Device": "NDISVIRTUALBUS"
        },
        "Intel(R) LPSS: I2C Controller #0 - 7ACC": {
            "Bus Type": "PCI",
            "Device ID": "8086-7ACC",
            "Subsystem ID": "7ACC1849",
            "PCI Path": "PciRoot(0x0)/Pci(0x15,0x0)",
            "ACPI Path": "\\_SB.USBX.I2C0"
        },
        "Intel(R) SPI (flash) Controller - 7AA4": {
            "Bus Type": "PCI",
            "Device ID": "8086-7AA4",
            "Subsystem ID": "7AA41849",
            "PCI Path": "PciRoot(0x0)/Pci(0x1f,0x5)"
        },
        "\u041f\u0440\u043e\u0433\u0440\u0430\u043c\u043c\u0438\u0440\u0443\u0435\u043c\u044b\u0439 \u043a\u043e\u043d\u0442\u0440\u043e\u043b\u043b\u0435\u0440 \u043f\u0440\u0435\u0440\u044b\u0432\u0430\u043d\u0438\u0439": {
            "Bus Type": "ACPI",
            "Device": "PNP0000",
            "ACPI Path": "\\_SB.USBX.LPCB.IPIC"
        },
        "\u0414\u0440\u0430\u0439\u0432\u0435\u0440 Microsoft System Management BIOS": {
            "Bus Type": "ROOT",
            "Device": "MSSMBIOS"
        },
        "\u041a\u043e\u043d\u0442\u0440\u043e\u043b\u043b\u0435\u0440 High Definition Audio (Microsoft)": {
            "Bus Type": "PCI",
            "Device ID": "8086-7AD0",
            "Subsystem ID": "18971849",
            "PCI Path": "PciRoot(0x0)/Pci(0x1f,0x3)",
            "ACPI Path": "\\_SB.USBX.HDAS"
        },
        "\u041f\u0435\u0440\u0435\u0447\u0438\u0441\u043b\u0438\u0442\u0435\u043b\u044c \u043f\u0440\u043e\u0433\u0440\u0430\u043c\u043c\u043d\u044b\u0445 \u0443\u0441\u0442\u0440\u043e\u0439\u0441\u0442\u0432 Plug and Play": {
            "Bus Type": "ROOT",
            "Device": "SYSTEM"
        },
        "\u041f\u043e\u0440\u0442 PCI Express Upstream Switch": {
            "Bus Type": "PCI",
            "Device ID": "1002-1478",
            "Subsystem ID": "00000000",
            "PCI Path": "PciRoot(0x0)/Pci(0x1,0x0)/Pci(0x0,0x0)",
            "ACPI Path": "\\_SB.USBX.PEG1.PEGP"
        },
        "\u0428\u0438\u043d\u0430 \u043f\u0435\u0440\u0435\u043d\u0430\u043f\u0440\u0430\u0432\u0438\u0442\u0435\u043b\u044f \u0443\u0441\u0442\u0440\u043e\u0439\u0441\u0442\u0432 \u0443\u0434\u0430\u043b\u0435\u043d\u043d\u044b\u0445 \u0440\u0430\u0431\u043e\u0447\u0438\u0445 \u0441\u0442\u043e\u043b\u043e\u0432": {
            "Bus Type": "ROOT",
            "Device": "RDPBUS"
        }
    }
}